{
  "ssim_ct": {
    "mean": 0.41769501038022894,
    "std": 0.11308405014639529,
    "median": 0.44955071978108785
  },
  "ssim_mri": {
    "mean": 0.6539219636204967,
    "std": 0.03730597532564463,
    "median": 0.6479652208415587
  },
  "psnr_ct": {
    "mean": 12.980420655217664,
    "std": 0.919894817752685,
    "median": 13.144686222076416
  },
  "psnr_mri": {
    "mean": 15.22452790161659,
    "std": 1.4961499156337954,
    "median": 15.526700019836426
  },
  "mutual_info": {
    "mean": 0.5075032366964457,
    "std": 0.08999737288074489,
    "median": 0.5140817548077281
  },
  "edge_preservation": {
    "mean": 0.8140476821708819,
    "std": 0.02723247955753399,
    "median": 0.8146082176416336
  }
}