{
  "ssim_ct": {
    "mean": 0.5383753226605396,
    "std": 0.10493234282890117,
    "median": 0.5400682945065045
  },
  "ssim_mri": {
    "mean": 0.6418551455447633,
    "std": 0.0822735457995588,
    "median": 0.6505947388326131
  },
  "psnr_ct": {
    "mean": 11.592370099034802,
    "std": 1.8777851148678992,
    "median": 11.44382905960083
  },
  "psnr_mri": {
    "mean": 16.002172141239562,
    "std": 1.6731068805010199,
    "median": 15.761780261993408
  },
  "mutual_info": {
    "mean": 0.6168678195423274,
    "std": 0.11451975563980586,
    "median": 0.6168865365339506
  },
  "edge_preservation": {
    "mean": 0.7870035568493841,
    "std": 0.05623816025458958,
    "median": 0.8029919697245077
  }
}