{
  "ssim_ct": {
    "mean": 0.6191470599433848,
    "std": 0.0775900031148055,
    "median": 0.6187903658557585
  },
  "ssim_mri": {
    "mean": 0.6280324091762454,
    "std": 0.12455046183814633,
    "median": 0.6552135727353585
  },
  "psnr_ct": {
    "mean": 15.594200500270777,
    "std": 2.5363844855156423,
    "median": 14.974651336669922
  },
  "psnr_mri": {
    "mean": 15.485410739455308,
    "std": 4.45557356979381,
    "median": 14.434248924255371
  },
  "mutual_info": {
    "mean": 0.7889737946088824,
    "std": 0.22728482294172384,
    "median": 0.84270033792299
  },
  "edge_preservation": {
    "mean": 0.8497228936300901,
    "std": 0.04145274132844527,
    "median": 0.8540956843003804
  }
}