{
  "ssim_ct": {
    "mean": 0.4249146974091094,
    "std": 0.11630511626161831,
    "median": 0.4598755535604203
  },
  "ssim_mri": {
    "mean": 0.6648080974872231,
    "std": 0.036970507204513434,
    "median": 0.6577631072299062
  },
  "psnr_ct": {
    "mean": 13.231807166132434,
    "std": 0.9330236051351098,
    "median": 13.226126670837402
  },
  "psnr_mri": {
    "mean": 15.872751022207327,
    "std": 1.5316516614476248,
    "median": 16.181493759155273
  },
  "mutual_info": {
    "mean": 0.5191202754218893,
    "std": 0.09059862055744745,
    "median": 0.5282180473175329
  },
  "edge_preservation": {
    "mean": 0.8180289371378735,
    "std": 0.026251976394940132,
    "median": 0.8190782952198414
  }
}