{
  "total_images": 573,
  "train_count": 400,
  "val_count": 58,
  "test_count": 115,
  "train_ratio": 0.6980802792321117,
  "val_ratio": 0.1012216404886562,
  "test_ratio": 0.2006980802792321,
  "random_seed": 42,
  "train_files": [
    "16003.png",
    "16004.png",
    "16006.png",
    "16007.png",
    "16010.png",
    "16011.png",
    "16015.png",
    "16016.png",
    "16017.png",
    "16018.png",
    "16019.png",
    "16020.png",
    "20005.png",
    "20008.png",
    "20009.png",
    "20010.png",
    "20011.png",
    "20012.png",
    "20013.png",
    "20014.png",
    "20015.png",
    "20018.png",
    "20019.png",
    "20020.png",
    "20022.png",
    "2004.png",
    "2005.png",
    "2006.png",
    "2008.png",
    "2010.png",
    "2011.png",
    "2012.png",
    "2013.png",
    "2014.png",
    "2015.png",
    "2016.png",
    "2018.png",
    "2019.png",
    "2020.png",
    "2021.png",
    "2022.png",
    "21006.png",
    "21007.png",
    "21008.png",
    "21009.png",
    "21010.png",
    "21011.png",
    "21012.png",
    "21013.png",
    "21014.png",
    "21015.png",
    "21016.png",
    "21018.png",
    "21020.png",
    "28007.png",
    "28013.png",
    "28018.png",
    "28020.png",
    "32006.png",
    "32008.png",
    "32009.png",
    "32011.png",
    "32012.png",
    "32013.png",
    "32014.png",
    "32015.png",
    "32016.png",
    "32017.png",
    "32019.png",
    "32022.png",
    "33006.png",
    "33007.png",
    "33008.png",
    "33012.png",
    "33013.png",
    "33015.png",
    "33016.png",
    "33017.png",
    "33020.png",
    "33021.png",
    "33022.png",
    "33023.png",
    "34002.png",
    "34003.png",
    "34004.png",
    "34005.png",
    "34006.png",
    "34007.png",
    "34008.png",
    "34009.png",
    "34012.png",
    "34013.png",
    "34014.png",
    "34015.png",
    "34016.png",
    "34017.png",
    "34018.png",
    "34020.png",
    "34021.png",
    "34022.png",
    "37003.png",
    "37005.png",
    "37006.png",
    "37008.png",
    "37010.png",
    "37011.png",
    "37013.png",
    "37015.png",
    "37017.png",
    "37019.png",
    "37020.png",
    "37021.png",
    "41003.png",
    "41005.png",
    "41007.png",
    "41008.png",
    "41009.png",
    "41010.png",
    "41011.png",
    "41012.png",
    "41013.png",
    "41014.png",
    "41016.png",
    "41018.png",
    "41019.png",
    "41020.png",
    "41021.png",
    "41022.png",
    "41023.png",
    "45002.png",
    "45003.png",
    "45004.png",
    "45006.png",
    "45008.png",
    "45010.png",
    "45011.png",
    "45013.png",
    "45014.png",
    "45015.png",
    "45017.png",
    "45018.png",
    "45019.png",
    "45022.png",
    "45023.png",
    "45024.png",
    "45027.png",
    "45028.png",
    "45030.png",
    "45031.png",
    "45032.png",
    "45033.png",
    "45034.png",
    "45036.png",
    "45037.png",
    "45038.png",
    "45039.png",
    "45041.png",
    "45042.png",
    "45043.png",
    "45044.png",
    "45046.png",
    "45047.png",
    "45049.png",
    "45054.png",
    "45056.png",
    "45057.png",
    "45059.png",
    "45060.png",
    "45062.png",
    "45063.png",
    "45064.png",
    "45065.png",
    "45068.png",
    "45070.png",
    "45071.png",
    "45073.png",
    "45075.png",
    "45077.png",
    "45079.png",
    "45080.png",
    "45082.png",
    "45083.png",
    "45084.png",
    "45085.png",
    "45086.png",
    "45087.png",
    "45088.png",
    "45090.png",
    "45093.png",
    "45096.png",
    "45098.png",
    "45100.png",
    "45102.png",
    "45104.png",
    "45105.png",
    "45107.png",
    "45108.png",
    "45109.png",
    "45110.png",
    "45111.png",
    "45112.png",
    "45113.png",
    "45114.png",
    "45116.png",
    "45118.png",
    "45119.png",
    "45120.png",
    "45121.png",
    "45122.png",
    "45123.png",
    "45124.png",
    "45125.png",
    "45129.png",
    "45130.png",
    "45131.png",
    "45132.png",
    "45133.png",
    "45134.png",
    "45135.png",
    "45137.png",
    "45139.png",
    "45142.png",
    "45143.png",
    "45144.png",
    "45145.png",
    "45148.png",
    "45151.png",
    "45152.png",
    "45155.png",
    "45156.png",
    "45159.png",
    "45160.png",
    "45161.png",
    "45162.png",
    "45164.png",
    "45165.png",
    "45166.png",
    "45167.png",
    "45168.png",
    "45169.png",
    "45170.png",
    "45171.png",
    "45172.png",
    "45173.png",
    "45174.png",
    "45175.png",
    "45176.png",
    "45178.png",
    "45179.png",
    "45180.png",
    "45181.png",
    "45183.png",
    "45184.png",
    "45187.png",
    "45188.png",
    "45189.png",
    "45190.png",
    "45191.png",
    "45192.png",
    "45193.png",
    "45195.png",
    "45196.png",
    "45197.png",
    "45198.png",
    "45199.png",
    "45200.png",
    "45202.png",
    "45203.png",
    "45204.png",
    "45205.png",
    "45207.png",
    "45208.png",
    "45209.png",
    "45211.png",
    "45212.png",
    "45213.png",
    "45214.png",
    "45217.png",
    "45218.png",
    "45219.png",
    "45221.png",
    "45224.png",
    "45226.png",
    "45227.png",
    "45228.png",
    "45230.png",
    "45234.png",
    "45236.png",
    "45237.png",
    "45238.png",
    "45239.png",
    "45241.png",
    "45242.png",
    "45243.png",
    "45244.png",
    "45245.png",
    "45246.png",
    "45247.png",
    "45250.png",
    "45251.png",
    "45252.png",
    "45254.png",
    "45255.png",
    "45257.png",
    "45258.png",
    "45259.png",
    "45260.png",
    "45261.png",
    "45262.png",
    "45264.png",
    "45265.png",
    "45266.png",
    "45267.png",
    "45268.png",
    "45269.png",
    "45270.png",
    "45271.png",
    "45272.png",
    "45273.png",
    "45274.png",
    "45275.png",
    "45277.png",
    "45278.png",
    "45279.png",
    "45280.png",
    "45281.png",
    "45283.png",
    "45285.png",
    "45287.png",
    "45288.png",
    "45289.png",
    "45290.png",
    "45291.png",
    "45292.png",
    "45293.png",
    "45295.png",
    "45296.png",
    "45298.png",
    "45300.png",
    "45301.png",
    "45302.png",
    "45303.png",
    "45304.png",
    "45305.png",
    "45306.png",
    "45307.png",
    "45308.png",
    "45309.png",
    "45310.png",
    "45311.png",
    "45312.png",
    "45313.png",
    "45315.png",
    "45316.png",
    "45317.png",
    "45318.png",
    "45319.png",
    "45320.png",
    "45321.png",
    "45324.png",
    "45325.png",
    "45327.png",
    "45332.png",
    "45334.png",
    "45335.png",
    "45336.png",
    "45337.png",
    "45339.png",
    "45340.png",
    "45341.png",
    "45342.png",
    "45343.png",
    "45344.png",
    "45345.png",
    "45346.png",
    "45349.png",
    "45351.png",
    "45355.png",
    "45356.png",
    "45358.png",
    "45359.png",
    "45363.png",
    "45365.png",
    "45366.png",
    "45367.png",
    "45369.png",
    "45370.png",
    "45371.png",
    "45372.png",
    "45373.png",
    "45374.png",
    "45377.png",
    "45379.png",
    "45381.png",
    "45382.png",
    "45383.png",
    "45384.png",
    "45387.png",
    "45388.png",
    "45389.png"
  ],